1,abate
2,aberrant
3,aberration
4,aboveboard
5,abscond
6,abstain
7,abstruse
8,abysmal
9,accolade
10,acerbic
11,acme
12,acrimony
13,adamant
14,admonish
15,admonitory
16,adulation
17,advocate
18,aesthete
19,aesthetic
20,affable
21,affluent
22,alacrity
23,altruism
24,amalgam
25,ambiguous
26,ambivalent
27,ameliorate
28,amenable
29,amiable
30,amok
31,amorphous
32,amply
33,analogous
34,anathema
35,animosity
36,anomalous
37,anomaly
38,antedate
39,antipathy
40,antiquated
41,antithetical
42,apathetic
43,apathy
44,apex
45,aphorism
46,aphoristic
47,apocryphal
48,apogee
49,apostate
50,appease
51,appreciable
52,apprehension
53,approbation
54,arbitrary
55,arcane
56,archaic
57,arduous
58,arrant
59,artful
60,artless
61,ascendancy
62,ascetic
63,ascribe
64,askance
65,assail
66,assuage
67,attenuate
68,audacious
69,audacity
70,augment
71,auspicious
72,austere
73,autonomously
74,avarice
75,avaricious
76,avert
77,avid
78,axiomatic
79,badger
80,balk
81,banal
82,banality
83,banish
84,base
85,bastardization
86,beatific
87,becoming
88,beg
89,begrudge
90,behoove
91,belie
92,belittle
93,bellicose
94,belligerent
95,benign
96,bereft
97,besiege
98,besmirch
99,betray
100,blatant
101,bleak
102,bolster
103,boon
104,boorish
105,brazen
106,brusquely
107,buck
108,bucolic
109,bumbling
110,burgeon
111,buttress
112,byzantine
113,cacophony
114,cadaverous
115,calumny
116,canard
117,candid
118,candidness
119,canonical
120,capitulate
121,capricious
122,cardinal
123,carping
124,castigate
125,catalyst
126,catholic
127,caustic
128,cavalier
129,censor
130,censure
131,cerebral
132,champion
133,chary
134,chastise
135,chauvinist
136,check
137,checkered
138,chicanery
139,chivalrous
140,choleric
141,chortle
142,churlish
143,circumscribe
144,circumvent
145,clemency
146,coalesce
147,cogent
148,cohesive
149,collusion
150,colossal
151,commendable
152,commensurate
153,complacent
154,complaisance
155,complementary
156,compound
157,concede
158,conciliate
159,conducive
160,confound
161,connive
162,connoisseur
163,consecrate
164,conspicuous
165,constituent
166,constraint
167,construe
168,consummate
169,contemptuous
170,contentious
171,contingent
172,contrite
173,contrition
174,contrive
175,conundrum
176,convivial
177,convoluted
178,cool
179,copious
180,cornucopia
181,corroborate
182,cosmopolitan
183,countermand
184,cow
185,craven
186,credence
187,creditable
188,credulity
189,cryptic
190,culminate
191,culpability
192,cumbersome
193,dearth
194,debase
195,debunk
196,decimation
197,decorous
198,decorum
199,deferential
200,defray
201,degrade
202,delegate
203,deleterious
204,deliberate
205,delineate
206,demean
207,demur
208,demure
209,denigrate
210,denote
211,deride
212,derisive
213,derivative
214,derive
215,derogative
216,desecrate
217,despot
218,destitute
219,deter
220,detrimental
221,devolve
222,diabolical
223,diatribe
224,dictatorial
225,didactic
226,differentiate
227,diffident
228,dilapidated
229,dilatory
230,dilettante
231,diligence
232,diligent
233,diminutive
234,disabuse
235,disaffected
236,discord
237,discordant
238,discreet
239,discrete
240,discretion
241,discriminate
242,disenfranchise
243,disheartened
244,disinterested
245,disparate
246,dispassionate
247,dispatch
248,dissemble
249,disseminate
250,dissipate
251,docile
252,dog
253,dogmatic
254,dupe
255,duress
256,ebullience
257,eccentric
258,eclectic
259,economical
260,edifying
261,efficacious
262,effrontery
263,egotist
264,egregious
265,eke
266,elaborate
267,elegy
268,elicit
269,elucidate
270,elude
271,elusive
272,embellish
273,embroiled
274,eminent
275,emollient
276,empathetic
277,empirical
278,emulate
279,endemic
280,enervate
281,engender
282,enigmatic
283,enmity
284,ennui
285,entice
286,entrenched
287,enumerate
288,ephemeral
289,equivocal
290,equivocate
291,eradicate
292,err
293,errant
294,erratic
295,erudite
296,eschew
297,esoteric
298,espouse
299,estimable
300,eulogy
301,euphoria
302,evasive
303,evenhanded
304,exacerbate
305,exacting
306,exalt
307,exasperate
308,excruciating
309,exculpate
310,exegesis
311,exemplify
312,exhort
313,exigent
314,exonerate
315,expansive
316,expound
317,expunge
318,extant
319,extemporaneous
320,extenuating
321,extrapolate
322,facetious
323,factious
324,fallacious
325,fallacy
326,fastidious
327,fawn
328,feckless
329,ferret
330,fete
331,fickle
332,filbuster
333,finagle
334,fledgling
335,fleece
336,flounder
337,flush
338,flux
339,foible
340,foment
341,foolhardy
342,forlorn
343,forthcoming
344,forthright
345,fortuitous
346,fractious
347,frivolous
348,frugal
349,frustrate
350,fulminate
351,furtive
352,futile
353,gainsay
354,gall
355,galvanize
356,garrulous
357,gauche
358,genial
359,genteel
360,germane
361,glean
362,glib
363,glut
364,goad
365,gossamer
366,gregarious
367,grovel
368,guffaw
369,guileless
370,hackneyed
371,halcyon
372,hamper
373,hamstrung
374,haphazard
375,harangue
376,harried
377,haughty
378,hector
379,hegemony
380,heretic
381,heyday
382,hodgepodge
383,hot
384,hound
385,humdrum
386,hyperbole
387,iconoclast
388,iconoclastic
389,idiosyncrasy
390,ignoble
391,ignominious
392,illicit
393,imbibe
394,immaterial
395,immutable
396,impartial
397,impeccable
398,impecunious
399,impede
400,impending
401,impermeable
402,impertinent
403,implacable
404,implausible
405,implicate
406,imponderable
407,impregnable
408,imprudent
409,impudent
410,inadvertent
411,inarticulate
412,incense
413,incessant
414,incipient
415,incisive
416,inclement
417,incongruous
418,incorrigible
419,incumbent
420,indecorous
421,indict
422,indifference
423,indigenous
424,indigent
425,indignant
426,industrious
427,inert
428,inexorable
429,inflammatory
430,ingenuity
431,ingenuous
432,ingratiate
433,inimical
434,inkling
435,innocuous
436,inscrutable
437,insidious
438,insipid
439,insolent
440,insolvent
441,insufferable
442,intermittent
443,intimate
444,intransigent
445,intrepid
446,inundate
447,inured
448,inveigle
449,inveterate
450,involved
451,irascible
452,irk
453,irresolute
454,irrevocable
455,itinerant
456,jargon
457,jingoism
458,jingoist
459,jocular
460,jovial
461,jubilant
462,junta
463,juxtapose
464,kowtow
465,laborious
466,laconic
467,lambast
468,languid
469,largess
470,lascivious
471,lassitude
472,laudable
473,leery
474,lethargic
475,lionize
476,lucid
477,macabre
478,magnanimous
479,maintain
480,maladroit
481,malady
482,malevolent
483,malfeasance
484,malleable
485,malodorous
486,martial
487,maverick
488,mawkish
489,maxim
490,meander
491,melancholy
492,melee
493,mendacity
494,mercurial
495,mesmerize
496,meticulous
497,misanthrope
498,misconstrue
499,miscreant
500,miser
501,misogynist
502,mitigate
503,modicum
504,mollify
505,moment
506,moot
507,morose
508,morph
509,mundane
510,munificent
511,muted
512,myopic
513,myriad
514,nadir
515,nascent
516,nebulous
517,negligible
518,neologism
519,nonplussed
520,noxious
521,nuance
522,obdurate
523,obliging
524,oblique
525,obscure
526,obsequious
527,obstinate
528,obtain
529,obtuse
530,odious
531,onerous
532,opaque
533,opulence
534,ornate
535,ostentatious
536,ostracize
537,overweening
538,paean
539,panache
540,paradoxical
541,pariah
542,parochial
543,parsimonious
544,pastoral
545,patronize
546,paucity
547,pedantic
548,pedestrian
549,peevish
550,pejorative
551,penurious
552,perennial
553,perfidy
554,perfunctory
555,pernicious
556,perpetuate
557,perquisite
558,perspicacious
559,pertinent
560,perturb
561,peruse
562,petulant
563,pine
564,pinnacle
565,pious
566,piquant
567,pithy
568,pittance
569,placate
570,placid
571,platitude
572,plodding
573,ploy
574,poignant
575,polemic
576,ponderous
577,posit
578,pragmatic
579,prattle
580,precarious
581,precedent
582,precipitate
583,precipitous
584,preclude
585,precocious
586,precursor
587,predilection
588,preempt
589,preemptive
590,preen
591,prescience
592,presumption
593,presumptuous
594,prevail
595,prevaricate
596,pristine
597,prodigal
598,prodigious
599,profligate
600,profuse
601,profusion
602,prolific
603,promulgate
604,propitious
605,proponent
606,prosaic
607,provincial
608,provisional
609,pugnacious
610,pundit
611,putrefy
612,quaff
613,qualify
614,qualm
615,quandary
616,querulous
617,quiescence
618,quip
619,quotidian
620,raffish
621,raft
622,rakish
623,rankle
624,rash
625,ravenous
626,rebuke
627,recant
628,reconcile
629,recondite
630,redoubtable
631,redress
632,refractory
633,refute
634,relegate
635,remiss
636,renege
637,replete
638,reproach
639,reprobate
640,repudiate
641,rescind
642,reservation
643,resignation
644,resolve
645,respite
646,restive
647,resurgent
648,reticent
649,retiring
650,retract
651,reverent
652,rile
653,robust
654,rudimentary
655,rustic
656,sanctimonious
657,sanction
658,sanguine
659,sardonic
660,saturnine
661,savvy
662,scintillating
663,screed
664,scrupulous
665,sedulous
666,sentimental
667,serendipity
668,slapdash
669,smattering
670,smug
671,snide
672,snub
673,solicitous
674,soporific
675,sordid
676,specious
677,spendthrift
678,splenetic
679,sporadic
680,spurious
681,spurn
682,squalid
683,squander
684,staid
685,start
686,staunch
687,steadfast
688,stem
689,stipend
690,stoic
691,stolid
692,stringent
693,stupefy
694,stymie
695,subsume
696,subversive
697,sullen
698,summit
699,supercilious
700,superfluous
701,supplant
702,surfeit
703,surly
704,sycophant
705,taciturn
706,tact
707,tantamount
708,tarnish
709,tawdry
710,taxing
711,telling
712,telltale
713,temperance
714,tempered
715,tenacious
716,tender
717,thoroughgoing
718,thrifty
719,thwart
720,timorous
721,tirade
722,torpid
723,torpor
724,tortuous
725,tout
726,tractable
727,transient
728,transitory
729,travail
730,travesty
731,treacherous
732,tribulation
733,trite
734,truculent
735,truncate
736,tumult
737,turpitude
738,ubiquitous
739,uncanny
740,uncompromising
741,unconscionable
742,undermine
743,underscore
744,underwrite
745,unequivocal
746,unnerve
747,unprecedented
748,unruly
749,unscrupulous
750,unseemly
751,untoward
752,upbraid
753,urbane
754,vacillate
755,vacuous
756,vanquish
757,variance
758,vehement
759,venality
760,veneer
761,venerate
762,veracious
763,verisimilitude
764,vicarious
765,vicissitude
766,vie
767,vilify
768,vindicate
769,vindictive
770,virago
771,virulent
772,vociferous
773,volubility
774,voracious
775,wanting
776,wanton
777,wax
778,whimsical
779,winsome
780,zeitgeist
781,zenith
